{"videos": {"_type": "video-file", "sha256": "3d539483c507ca4aaa20694ebbb0da47ee6d12fa5b664e04d650b9109c0e184e", "size": 25841, "path": "media/videos/videos_7_3d539483c507ca4aaa20.mp4"}, "_timestamp": 1705180188.33929, "_runtime": 450.0743148326874, "_step": 1557, "global_step": 1184000, "Performance/total reward over episodes": -87.79266357421875, "Networks/actor_loss": -0.024657398462295532, "Networks/critic_loss": 0.02559906803071499, "Networks/entropy_loss": 4.703675270080566, "Networks/total_loss": -0.011857864446938038, "Networks/KL divergence": 0.018711421638727188, "_wandb": {"runtime": 449}}