{"videos": {"_type": "video-file", "sha256": "b788a5e9ffa7a6badf0e3200fc030c15cec2f99c81036220c1deee7f04bbff29", "size": 167108, "path": "media/videos/videos_7_b788a5e9ffa7a6badf0e.mp4"}, "_timestamp": 1705444724.89905, "_runtime": 846.9445331096649, "_step": 2643, "global_step": 234600, "Performance/total reward over episodes": -12.742411613464355, "Networks/alpha_loss": 0.002589303068816662, "Networks/actor_loss": -3.174748182296753, "Networks/critic_loss": 2.407449960708618, "_wandb": {"runtime": 846}}