{"videos": {"_type": "video-file", "sha256": "8e71181afcdeeacabe6332b63db3ab227f4472b62f6ac98ea5aaeec3076433ff", "size": 23355, "path": "media/videos/videos_6_8e71181afcdeeacabe63.mp4"}, "_timestamp": 1705180651.9832928, "_runtime": 402.8839018344879, "_step": 1386, "global_step": 1054400, "Performance/total reward over episodes": -71.81977844238281, "Networks/actor_loss": -0.061839062720537186, "Networks/critic_loss": 0.01487865298986435, "Networks/entropy_loss": 4.6275739669799805, "Networks/total_loss": -0.05439973622560501, "Networks/KL divergence": 0.05163057520985603, "_wandb": {"runtime": 401}}