{"videos": {"_type": "video-file", "sha256": "02fb2c97908a6870ab2544db5058e6f5897fe8dd190393d32dde7d26477ec4da", "size": 22303, "path": "media/videos/videos_12_02fb2c97908a6870ab25.mp4"}, "_timestamp": 1705181440.5836847, "_runtime": 764.673900604248, "_step": 2650, "global_step": 2015232, "Performance/total reward over episodes": -64.33245849609375, "Networks/actor_loss": -0.046748217195272446, "Networks/critic_loss": 0.006187239661812782, "Networks/entropy_loss": 1.01625394821167, "Networks/total_loss": -0.04365459829568863, "Networks/KL divergence": 0.11659494042396545, "_wandb": {"runtime": 762}}