{"videos": {"_type": "video-file", "sha256": "2efd263b2f6d9c0b492ed26691c3e98308ff85244d3d417177a90ad655b932aa", "size": 28519, "path": "media/videos/videos_7_2efd263b2f6d9c0b492e.mp4"}, "_timestamp": 1705179713.0775063, "_runtime": 444.0955092906952, "_step": 1550, "global_step": 1179200, "Performance/total reward over episodes": -98.29930877685547, "Networks/actor_loss": -0.03279809653759003, "Networks/critic_loss": 0.09639939665794373, "Networks/entropy_loss": 7.078700065612793, "Networks/total_loss": -0.055385395884513855, "Networks/KL divergence": 0.016754060983657837, "_wandb": {"runtime": 444}}