{"videos": {"_type": "video-file", "sha256": "bd199b1c1547188a940dcd114efb7bee844fad49724a5b0a11eb83e7b76167b1", "size": 188273, "path": "media/videos/videos_2_bd199b1c1547188a940d.mp4"}, "_timestamp": 1705448144.175902, "_runtime": 3276.7740738391876, "_step": 3566, "global_step": 312600, "Performance/total reward over episodes": -29.64043617248535, "Networks/actor_loss": -22.568960189819336, "Networks/critic_loss": 3.900705099105835, "Networks/entropy_loss": 2.261904239654541, "Networks/alpha_loss": -0.010060357861220837, "_wandb": {"runtime": 3276}}